Address,Avg Session Length,Time on App,Time on Website,Length of Membership,Yearly Amount Spent,
mstephenson@fernandez.com,"835 Frank TunnelWrightmouth, MI 82180-9605",34.49726773,12.65565115,39.57766802,4.082620633,587.951054
hduke@hotmail.com,"4547 Archer CommonDiazchester, CA 06566-8576",31.92627203,11.10946073,37.26895887,2.664034182,392.2049334
pallen@yahoo.com,"24645 Valerie Unions Suite 582Cobbborough, DC 99414-7564",33.00091476,11.33027806,37.11059744,4.104543202,487.5475049
